Sorular;Şıklar;Doğru Cevap ve Açıklaması
Sürdürülebilirlik kavramı doğal kaynakların bilinçsiz tüketimi nedeniyle ilk kez 1972 yılında hangi uluslararası konferansta gündeme gelmiştir?;"A) Paris İklim Zirvesi
B) Stockholm Konferansı
C) Rio Zirvesi";B - Sürdürülebilirlik kavramı doğal kaynakların bilinçsiz tüketimi nedeniyle uluslararası platformlarda tartışılmaya başlanmış ve 1972 Stockholm Konferansı ile gündeme gelmiştir[cite: 4, 7].
Dünyadaki çevre kirliliğinin büyük bir kısmının son 35 yılda meydana gelmesinin temel sebebi olarak yüzde 50 oranla aşağıdakilerden hangisi gösterilmektedir?;"A) Doğal afetler
B) Hızlı nüfus artışı
C) Uzay araştırmaları";B - Dünyadaki çevre kirliliğinin büyük kısmının son 35 yılda meydana geldiği ve bunun %50'sinin hızlı nüfus artışından kaynaklandığı görülmektedir[cite: 7].
Enerji ihtiyacımızın büyük bir bölümünü karşıladığımız ancak doğaya zarar veren kömür, doğalgaz ve petrol gibi kaynaklara genel olarak ne ad verilir?;"A) Yenilenebilir Enerji Kaynakları
B) Fosil Yakıtlar
C) Sürdürülebilir Yakıtlar";B - Kömür, doğalgaz ve petrol gibi kaynaklar yenilenemeyen enerji kaynakları (fosil yakıtlar) olarak adlandırılır ve çevre kirliliğinin giderek zorlaşmasına neden olurlar[cite: 5, 13].
Üniversite kampüslerinde su tasarrufu sağlamak için lavabolarda kullanılması önerilen teknolojik donanım aşağıdakilerden hangisidir?;"A) Sürekli akan şelale sistemleri
B) Sensörlü musluklar ve tasarruflu su donanımları
C) Sadece soğuk su akıtan musluklar";B - Su yönetiminde akıllı sulama sistemleri ve sensörlü musluklar gibi tasarruflu su donanımlarının entegrasyonu su tüketimini ciddi şekilde azaltır[cite: 4, 7].
"Gündelik hayatta ve okullarda atık miktarını azaltmak için ""kullan-at"" ürünler yerine ne tür ürünler tercih edilmelidir?";"A) Plastik ürünler
B) Yerel ve dayanıklı ürünler
C) Sadece ithal ürünler";B - Sürdürülebilir tüketim modellerini teşvik etmek için yerel ve dayanıklı ürünlerin kullanımının artırılması, kaynak tahribatının önüne geçer[cite: 2].
İklim değişikliğine ve küresel ısınmaya yol açan, karbondioksit (CO2) gibi gazların doğaya salınmasına ne ad verilir?;"A) Oksijen Salınımı
B) Sera Gazı Emisyonu
C) Karbon Nötrlüğü";B - Fosil yakıt kullanımına bağlı olarak artan sera gazı emisyonları, çevre kirliliği ve iklim değişikliği gibi kritik sorunlara yol açmaktadır[cite: 4].
Akıllı bir kampüste, otobüs şoförlerinin ve öğrencilerin duraklardaki bekleyen yolcuları anlık görebilmesi hangi teknolojinin faydasıdır?;"A) Gerçek Zamanlı GPS ve Araç Takibi
B) Eski Tip Telsizler
C) Basılı Haritalar";A - GPS ve Google Maps API kullanan uygulamalarla araçların ve yolcuların gerçek zamanlı takibi sağlanarak boş seferlerin ve gereksiz karbon emisyonunun önüne geçilir[cite: 3].
UI GreenMetric (Yeşil Kampüs) değerlendirmesinde, kampüs içindeki yeşil alanların oranı ve binaların sürdürülebilir tasarımı hangi kategoride puanlanır?;"A) Su Yönetimi
B) Eğitim ve Araştırma
C) Kurulum ve Altyapı";C - Kampüsün fiziksel çevresi, yeşil alan oranı ve bina tasarımının sürdürülebilirliği 'Kurulum ve Altyapı' kriterleri kapsamında değerlendirilir[cite: 4].
"Birleşmiş Milletler tarafından tüm dünyayı daha yaşanabilir kılmayı hedefleyen 2030 gündemi, kaç adet ""Sürdürülebilir Kalkınma Amacı""ndan oluşmaktadır?";"A) 5 Adet
B) 10 Adet
C) 17 Adet";"C - 2030 Sürdürülebilir Kalkınma gündemi; yoksulluğu sona erdirmek ve dünyayı korumak gibi entegre bir çözüm anlayışı sunan 17 temel hedeften oluşmaktadır[cite: 5]."
Ozon tabakasını incelten zararlı maddelerin tüketimini azaltmak amacıyla 1987 yılında imzalanan uluslararası antlaşma hangisidir?;"A) Montreal Protokolü
B) Kyoto Protokolü
C) Paris Antlaşması";A - 1987 yılında Montreal Protokolü'nde ozon tabakasını incelten maddelere ilişkin bir sözleşme imzalanarak, zararlı gazların tüketiminin azaltılması kararı alınmıştır[cite: 7].
"Kampüs içi ""Yeşil Ulaşım"" uygulamalarında çevreyi korumak için kullanması en çok teşvik edilen yöntem hangisidir?";"A) Tek kişilik özel otomobiller
B) Bisiklet yolları ve elektrikli araçlar
C) Dizel motorlu eski araçlar";B - Kampüslerde sürdürülebilir ulaşım için bisiklet yolları, elektrikli araçlar için şarj istasyonları ve toplu taşıma kullanımı teşvik edilmektedir[cite: 4, 6].
Tükettiğimiz ürünlerin ve hizmetlerin, üretim aşamasından bize ulaşana kadar doğrudan ve dolaylı olarak kullandığı toplam tatlı su miktarına ne denir?;"A) Su Ayak İzi
B) Karbon Ayak İzi
C) Ekolojik Ayak İzi";A - Hizmetlerin ve ürünlerin tüketim ve üretim süreçlerinde kullanılan toplam su miktarının ölçüsüne 'Su Ayak İzi' denir[cite: 5].
Sürdürülebilirliğin üç temel boyutu aşağıdakilerden hangisidir?;"A) Ekonomik, Çevresel, Sosyal
B) Siyasi, Kültürel, Teknolojik
C) Sanatsal, Bilimsel, Tarihi";A - Sürdürülebilirlik genel olarak çevresel, ekonomik ve sosyal (sosyo-ekonomik, sosyo-çevresel) boyutlarda ele alınmaktadır[cite: 1, 2].
"1987 yılında yayımlanan ve sürdürülebilirlik kavramının ""bugünkü nesillerin ihtiyaçlarını karşılarken gelecek nesillerin ihtiyaçlarını tehlikeye atmadan kalkınma"" olarak ilk kez tanımlandığı raporun adı nedir?";"A) Brundtland Raporu
B) Stockholm Raporu
C) İklim Raporu";A - 1987 yılında hazırlanan 'Ortak Geleceğimiz' adlı Brundtland Raporu'nda sürdürülebilir kalkınma kavramı ilk kez somut olarak tanımlanmıştır[cite: 2, 12].
Atıkların azaltılması (Reduce), yeniden kullanılması (Reuse) ve geri dönüştürülmesini (Recycle) ifade eden uluslararası kuralın kısa adı nedir?;"A) 3R Kuralı
B) 3C Kuralı
C) 3G Kuralı";A - 3R, üniversitelerde ve genel atık yönetiminde atıkların azaltılması, yeniden kullanılması ve geri dönüştürülmesini temsil eden temel programdır[cite: 7, 10].
Dünya genelinde üniversitelerin sürdürülebilirlik ve çevre dostu yeşil kampüs performanslarını ölçen popüler sıralama sistemi hangisidir?;"A) UI GreenMetric
B) ISO 9001
C) LEED Sertifikası";A - Endonezya Üniversitesi tarafından 2010 yılında hayata geçirilen UI GreenMetric, üniversiteleri sürdürülebilirlik açısından sıralayan bir modeldir[cite: 7, 12].
"Birleşmiş Milletler tarafından 2015 yılında kabul edilen ve ""Yoksulluğa Son"", ""Nitelikli Eğitim"", ""İklim Eylemi"" gibi başlıkları içeren ""Sürdürülebilir Kalkınma Amaçları"" toplam kaç hedeften oluşur?";"A) 10 Adet
B) 17 Adet
C) 25 Adet";B - Birleşmiş Milletler'in 2030 gündemi, dünyayı dönüştürmek için 17 ana sürdürülebilir kalkınma amacından (SKA) oluşmaktadır[cite: 5, 13].
"Binaların sürdürülebilirlik performansını ölçmek ve derecelendirmek için kullanılan, ""Enerji ve Çevre Tasarımında Liderlik"" anlamına gelen popüler yeşil bina sertifika sistemi hangisidir?";"A) LEED
B) ÇED
C) TSE";A - LEED (Enerji ve Çevre Tasarımında Liderlik), binaların çevresel, ekonomik ve sosyal sürdürülebilirliğini ölçen ve dünyada çok bilinen bir sertifika sistemidir[cite: 7].
Lavabolardan ve duşlardan gelen, tuvalet atığı içermeyen ve arıtılarak kampüste peyzaj sulama gibi alanlarda tekrar kullanılabilen az kirli sulara ne ad verilir?;"A) Siyah Su
B) Gri Su
C) Mavi Su";B - Fakülteler ve yemekhaneler başta olmak üzere lavabolardan ortaya çıkan su 'Gri Su' olarak tanımlanır ve arıtılarak tekrar kullanılabilir[cite: 7].
Geri dönüştürülebilir atıkların yanlış atık kutusuna atılmasıyla ortaya çıkan ve geri dönüşüm sürecini doğrudan zorlaştıran duruma ne ad verilir?;"A) Atık Kirlenmesi
B) Geri Dönüşüm Kontaminasyonu
C) Çapraz Etki";B - Geri dönüştürülebilir atıkların %25'inden fazlasının yanlış atık kutusuna atılması durumuna geri dönüşüm kontaminasyonu denmektedir[cite: 7, 14].
Öğrenciler arasında kullanılmış kitap, kıyafet gibi eşyaların takas edilmesi veya satılması ekonominin hangi modeline güzel bir örnektir?;"A) Tüketiciden Tüketiciye (C2C)
B) İşletmeden Tüketiciye (B2C)
C) İşletmeden İşletmeye (B2B)";A - Sürdürülebilirlik uygulamalarında tüketiciden tüketiciye (C2C) eşya mülkiyeti transferi, ürünlerin ömrünü uzatarak döngüsel ekonomiye büyük katkı sağlar[cite: 7, 14, 16].
Binalarda kışın ısı kayıplarını, yazın ise ısı kazançlarını en aza indirmek ve enerji tasarrufu sağlamak için duvarlara yapılan işleme ne denir?;"A) Isı Yalıtımı (İzolasyon)
B) Havalandırma
C) İklimlendirme";A - Binalarda enerji verimliliği kavramına paralel olarak geliştirilen ve ısı transferini azaltmayı amaçlayan en önemli yöntem ısı yalıtımıdır[cite: 3].
"Üretilen ürünlerin ""beşikten mezara"" tüm yaşam döngüleri boyunca malzeme değerinin korunmasını, atığın engellenmesini ve doğadakine benzer bir yeniden kullanım döngüsünü hedefleyen ekonomi modeli hangisidir?";"A) Doğrusal Ekonomi
B) Döngüsel Ekonomi
C) Tüketim Ekonomisi";B - Döngüsel ekonomi modelinde kaynak kullanımının en aza indirgenmesi, atığın engellenmesi ve yeniden kullanılarak döngüde kalması hedeflenir[cite: 1, 2].
Tüketim faaliyetleri sonucunda oluşan atığın kaynağında önlenmesini, doğal kaynak tüketiminin en aza indirilmesini ve oluşan atıkların geri dönüştürülmesini hedefleyen sosyal dayanışma programına ne denir?;"A) Sıfır Atık
B) Atık Depolama
C) Sınırsız Tüketim";A - Sıfır Atık, atığın önlenmesi, kaynağında azaltılması, yeniden kullanılması ve doğal kaynak tüketiminin sıfır olmasını hedefleyen bir atık yönetim felsefesidir[cite: 1, 2].
Günümüzde enerji ihtiyacımızın büyük bir bölümünü karşıladığımız ancak rezervleri hızla tükenen ve sera gazı emisyonlarına neden olan kömür, doğalgaz ve petrol gibi kaynakların genel adı nedir?;"A) Yenilenebilir Enerji Kaynakları
B) Yenilenemeyen Enerji Kaynakları (Fosil Yakıtlar)
C) Sürdürülebilir Yakıtlar";B - Kömür, doğalgaz ve petrol gibi kaynaklar yenilenemeyen enerji kaynakları (fosil yakıtlar) olarak adlandırılır ve kullanımları sera gazı salınımına yol açar[cite: 2, 3].
Kurumların tükettiği şebeke elektriğinden kaynaklanan ve iklim değişikliğini tetikleyen dolaylı sera gazı emisyonları, karbon ayak izi hesaplamasında hangi kapsam (Scope) altında değerlendirilir?;"A) Kapsam 1
B) Kapsam 2
C) Kapsam 3";B - Satın alınan ve tüketilen elektrikten kaynaklanan dolaylı emisyonlar karbon ayak izi hesaplamalarında 'Kapsam 2' altında değerlendirilmektedir[cite: 7].
Yediğimiz gıdaların üretimi için çok miktarda su harcanır. Örneğin, 1 kilogram sığır eti üretimi için doğrudan ve dolaylı olarak harcanan su miktarı (su ayak izi) ortalama ne kadardır?;"A) 40 litre
B) 1.700 litre
C) 15.500 litre";C - Su ayak izi hesaplamalarına göre 1 kilogram sığır eti üretimi için ortalama 15.500 litre su harcanmaktadır[cite: 1].
Çöp ayrıştırmayı oyunlaştıran ve Google Gemini yapay zekasını kullanarak kullanıcıların kameralarıyla çektikleri atıkları %100 doğrulukla sınıflandırmayı başaran uygulamanın adı nedir?;"A) EcoWise
B) GreenCampus
C) ZeroWaste AI";A - Çok modlu yapay zeka sınıflandırması kullanan EcoWise adlı uygulama, atıkları %100 başarı oranıyla tanımlayarak kafa karışıklığını gidermiştir[cite: 7, 14, 16].
Üniversite kampüslerinde ulaşım kaynaklı karbon emisyonunu (karbon ayak izini) azaltmak için en çok hangi yöntemin kullanılması teşvik edilmektedir?;"A) Tek kişilik motorlu araç kullanımı
B) Sıfır emisyonlu araçlar (ZEV) ve bisiklet/yaya ulaşımı
C) Eski tip dizel araçlar";B - Kampüs içi ulaşımlarda karbon salınımını azaltmak için yaya politikası, bisiklet yolları ve sıfır emisyonlu elektrikli araçlar (ZEV) teşvik edilmektedir[cite: 7, 15].
Karar verme süreçlerinde bireyleri çevre dostu seçimlere yönlendirmek (örneğin iki taraflı çıktı almak) için, sürdürülebilir seçeneklerin sistemde nasıl ayarlanması tavsiye edilir?;"A) Varsayılan (Default) seçenek olarak
B) Gizli bir menüde
C) Talep üzerine";A - Davranışsal ekonomi ilkelerine göre, kullanıcıları sürdürülebilir seçimlere yönlendirmek ve karar yorgunluğunu önlemek için bu seçenekler sistemde 'varsayılan' (default) olarak sunulmalıdır[cite: 7, 14, 16].
Geri dönüşümün çevreye somut katkıları çok büyüktür. Sadece 1 kilogram kağıt veya karton geri dönüştürüldüğünde ne kadar karbondioksit (CO2) salınımı engellenmiş olur?;"A) 10 gram
B) 100 gram
C) 1000 gram";C - 1 kg kağıt/karton geri dönüştürüldüğünde çevreye 1000 gram CO2 salınımı, 4 kWh enerji ve 26 litre su tasarrufu sağlanmış olur[cite: 11].
Sürdürülebilirlik odaklı alışkanlıklar kazandırmak için kullanıcıların sadece puan veya rozet (dışsal ödül) alması yerine, hangi duygulara hitap eden içsel motivasyon kaynaklarına odaklanılmalıdır?;"A) Sadece maddi kazanç hırsına
B) Kontrol hissi, özerklik ve topluluğa ait olma duygusuna
C) Tüketim isteğine";B - Oyunlaştırma stratejilerinin başarılı olması için kontrol hissi, özerklik ve aidiyet hissi yaratan içsel motivasyon kaynaklarına hitap etmesi gerektiği belirlenmiştir[cite: 7, 14, 16].
Binalarda asansör yerine aşağıdakilerden hangisini kullanmayı tercih etmek önemli ölçüde enerji tasarrufu sağlar?;"A) Yürüyen merdivenler
B) Merdivenler
C) Teleferik sistemleri";B - Kısa mesafelerde asansör yerine merdiven kullanmak gibi enerji tasarrufu sağlayan bireysel davranışlar, bina performansını artırır ve elektrik tüketimini düşürür[cite: 1, 14].
"A noktasından B noktasına gitmek için ""aktif seyahat"" olarak bilinen ve çevre için en sürdürülebilir olan ulaşım şekli hangisidir?";"A) Tek kişilik otomobil
B) Yürümek ve bisiklete binmek
C) Otobüs";B - Yürümek ve bisiklete binmek gibi aktif seyahat yöntemleri, karbon emisyonlarını azaltan en sürdürülebilir ulaşım şekilleridir[cite: 9, 12].
Alışveriş yaparken plastik poşet tüketimini ve atık miktarını azaltmak için gündelik hayatta hangi alternatif daha çok tercih edilmelidir?;"A) Kağıt havlular
B) Yeniden kullanılabilir bez çanta (tekstil)
C) Alüminyum folyolar";B - Ambalaj atıklarını azaltmak için plastik poşetler yerine yeniden kullanılabilir tekstil (bez) çantaların tercih edilmesi büyük önem taşır[cite: 4, 18].
"Üniversite kampüsleri; büyük yüzölçümleri, kalabalık nüfusları ve içlerinde barındırdıkları karmaşık faaliyetler nedeniyle genellikle neye benzetilirler?";"A) Küçük şehirler
B) Eğlence parkları
C) Tarım arazileri";"A - Üniversite kampüsleri, yoğun nüfusları ve barındırdıkları çok çeşitli günlük aktiviteler nedeniyle çevresel etkileri bakımından ""küçük şehirlere"" benzetilirler[cite: 22]."
Tabağımızda yenmeyip bırakılan yemek artıkları veya çöpe giden gıdalar genel olarak hangi tür atık sınıfına girmektedir?;"A) Kaçınılmaz organik atık
B) Önlenebilir gıda atığı
C) Tehlikeli atık";"B - Tüketilebilecek durumda olduğu halde yenilmeyip atılan gıdalar (yemek artıkları) ""önlenebilir (avoidable) gıda atığı"" olarak sınıflandırılmaktadır[cite: 4]."
Doğada kendiliğinden çözünmeyen (non-biodegradable) ve çöplüklerde yüzlerce yıl kalarak toprağa zehirli sıvı sızdıran atık türü hangisidir?;"A) Meyve kabukları
B) Plastik atıklar
C) Ağaç yaprakları";B - Plastik atıklar doğada biyolojik olarak çözünmezler ve çöplüklerde sızıntı suları oluşturarak çevreye büyük zarar verirler[cite: 4].
Kampüs bahçelerinde veya tarım alanlarında kullanmak üzere doğal gübre (kompost) elde etmek için en çok hangi tür atıklar kullanılır?;"A) Organik atıklar
B) Cam şişeler
C) Elektronik atıklar";A - Organik atıklar kompostlama yöntemiyle doğal gübreye dönüştürülerek kampüs bahçelerinde kullanılabilir ve döngüsel ekonomiye katkı sağlar[cite: 4, 25].
"Gündelik hayatta atık miktarını azaltmak için ""kullan-at"" piller yerine hangi tür pillerin kullanılması tavsiye edilir?";"A) Şarj edilebilir piller
B) Tek kullanımlık ince piller
C) Sadece ithal piller";A - Atık azaltma stratejileri kapsamında, tek kullanımlık ürünler yerine şarj edilebilir pillerin tercih edilmesi önerilmektedir[cite: 18].
Kampüslerdeki mini marketlerden alışveriş yaparken plastik tüketimini azaltmayı hedefleyen kampanyaların genel adı nedir?;"A) Tüketim Çılgınlığı
B) Plastik Poşete Hayır
C) Kağıt Tasarrufu";"B - Öğrencilerin kampüs marketlerinden alışveriş yaparken kendi çantalarını getirmelerini teşvik eden ""Plastik Poşete Hayır"" gibi kampanyalar atık azaltımını hedefler[cite: 15]."
Eski tip aydınlatma sistemleri (örneğin floresan) yerine hangi teknolojiyi kullanmak binalarda ciddi oranda enerji tasarrufu sağlar?;"A) Gaz lambası
B) LED aydınlatma
C) Halojen ampul";B - Binalarda floresan aydınlatmadan LED sistemlere geçiş yapılması, enerji tüketiminde yarı yarıya yakın büyük oranda tasarruf sağlamaktadır[cite: 10, 14].
"Kampüslerde ""sıfır emisyonlu"" ulaşımı desteklemek için motorlu araçların azaltılmasıyla birlikte en çok hangi uygulama teşvik edilmelidir?";"A) Otopark alanlarının büyütülmesi
B) Bisiklet kullanımının teşvik edilmesi
C) Dizel araçların artırılması";B - Sürdürülebilir ulaşım için kampüs içi yaya politikası, bisiklet yolları ve bisiklet kullanımının teşvik edilmesi öncelikli uygulamalardır[cite: 23].
Su ve temizlik malzemelerinden tasarruf etmek amacıyla bazı çevre dostu üniversite yemekhanelerinde hangi alışkanlıktan vazgeçilmektedir?;"A) Çatal ve kaşık kullanımı
B) Yemek tepsisi kullanımı
C) Peçete kullanımı";B - Bazı üniversiteler, su ve temizlik kimyasallarından tasarruf etmek amacıyla kafeteryalarda yemek tepsisi kullanımını tamamen kaldırmıştır[cite: 26].
Bireylerin elektrik tüketimi, ulaşım tercihleri ve beslenme alışkanlıkları gibi bilgilerini girerek doğaya verdikleri tahribatı görmelerini sağlayan dijital araçlara ne ad verilir?;"A) Kalori Hesaplayıcı
B) Karbon Ayak İzi Hesaplayıcı
C) Hız Ölçer";B - Karbon ayak izi hesaplayıcıları, bireylerin enerji ve tüketim alışkanlıklarını hesaplayarak doğaya olan etkilerini görünür kılan önemli araçlardır[cite: 30].
Araştırmalara göre üniversite kampüslerinde ulaşımdan kaynaklanan karbon ayak izine bakıldığında, genellikle en sürdürülebilir seyahat tercihlerini kimler yapmaktadır?;"A) Sadece Akademisyenler
B) Sadece İdari Personel
C) Öğrenciler";C - Kişi başına düşen ulaşım kaynaklı emisyonlara bakıldığında, öğrencilerin daha sürdürülebilir ulaşım modlarını tercih ettiği ve karbon ayak izlerinin personelden daha düşük olduğu görülmektedir[cite: 32].
"Binalarda enerji tasarrufu sağlamak veya ortamı soğutmak için ""doğal havalandırma"" amacıyla pencerelerin açılması gibi kullanıcının ortamı kendi ihtiyacına uydurduğu davranışlara ne denir?";"A) Adaptif (Uyarlanabilir) Eylemler
B) Teknolojik Eylemler
C) Otomatik Eylemler";"A - İnsanların iç mekanı kendi konfor ihtiyaçlarına veya tasarrufa göre düzenlemek için yaptıkları pencere açma, ışık kapatma gibi fiziksel müdahaleler ""adaptif eylemler"" olarak adlandırılır[cite: 14]."
Geri dönüştürülebilir malzemelerin toplanıp satılarak veya değerlendirilerek fakülteler için bir gelir kapısı oluşturulması programlarına genelde ne ad verilir?;"A) Atıktan Servete (Waste to wealth)
B) Çöp Depolama
C) Sınırsız Tüketim";"A - Üretilen atıkların değerlendirilmesi ve geri dönüştürülerek fakültelere gelir sağlanması amaçlı kampanyalar ""Atıktan Servete"" (Waste to wealth) programları olarak bilinir[cite: 15]."
Atıkların geri dönüşüm sürecinde kirlenmemesi (kontamine olmaması) için, organik atıklar ile geri dönüştürülebilir atıkların birbirine karışmasını engellemenin en etkili yolu nedir?;"A) Kaynağında ayrı toplamak
B) Hepsini aynı poşete koymak
C) Çöpleri yakmak";A - Geri dönüştürülebilir atıkların organik atıklarla karışıp kontamine olmaması için çöplerin en başta, kaynağında ayrıştırılması gerekmektedir[cite: 25].
Enerji tüketimi, su kullanımı, ulaşım, gıda ve kağıt tüketimi gibi faktörleri hesaba katarak insanların doğadan ne kadar kaynak talep ettiğini ölçen göstergeye ne ad verilir?;"A) Ekonomik Endeks
B) Ekolojik Ayak İzi
C) Yaşam Beklentisi";"B - Ekolojik ayak izi; enerji, gıda, su ve ulaşım gibi faktörleri hesaba katarak insanların doğal çevre üzerinde yarattığı baskıyı ölçen genel bir göstergedir[cite: 8]."
Uzak mesafeden gelen öğrencilerin günlük yolculuklardan kaynaklanan karbon emisyonlarını sıfırlamak veya büyük oranda düşürmek için uygulanabilecek en etkili eğitim alternatifi hangisidir?;"A) Yüz yüze akşam eğitimi
B) Çevrimiçi (Online) eğitim
C) Hafta sonu eğitimi";B - Çevrimiçi (online) eğitimin yaygınlaşması, kampüse ulaşım ihtiyacını ortadan kaldırdığı için karbon emisyonlarının düşürülmesinde çok ciddi bir potansiyele sahiptir[cite: 10].
Kampüslerdeki kafeteryalarda tek kullanımlık plastik su şişesi ve karton/plastik bardak atığını azaltmak için öğrencilerin ve personelin ne kullanması teşvik edilmektedir?;"A) Yeniden kullanılabilir matara ve termoslar
B) Sadece cam şişeler
C) Kağıt havlular";A - Plastik atık krizini azaltmak için okullarda tek kullanımlık ürünler yerine matara ve termos (tumbler) kullanımı teşvik edilerek ücretsiz su sebilleri sağlanmalıdır[cite: 4].
Mobil uygulamaları kullanırken dijital karbon ayak izimizi ve batarya tüketimimizi düşürmek için ekran tasarımında hangi özelliği kullanmamız tavsiye edilir?;"A) Sürekli video oynatma
B) Yüksek parlaklık ve hareketli animasyonlar
C) Karanlık Mod (Dark Mode)";C - Arayüzde karanlık mod (dark mode) işlevselliği kullanmak, cihazların enerji tüketimini doğrudan düşürerek çevre dostu (Green UX) standartlarını destekler[cite: 1, 12].
Kullanıcıları çevre dostu eylemlere zorlamadan, ilerleme çubukları veya dijital bitkiler gibi görsellerle bilinçaltı düzeyde (küçük itmelerle) yönlendiren yaklaşıma ne ad verilir?;"A) Dürtme Yaklaşımı (Nudge)
B) Ceza Sistemi
C) Yasaklama Yaklaşımı";A - İnsanları istendik yönde tercih yapmaya teşvik eden, baskı kurmadan ince yönlendirmeler yapan bu stratejiye Dürtme (Nudge) yaklaşımı denmektedir[cite: 1, 15].
Kampüslerdeki güneş enerjisi potansiyelini artırmak için, binaların çatıları dolduğunda güneş panelleri kurmak için en verimli alanlar nerelerdir?;"A) Sınıf camları
B) Açık otopark alanlarının üzeri
C) Futbol sahası çimleri";B - Açık otoparkların üzerinin güneş panelleriyle kapatılması, hem enerji üretilmesini sağlar hem de araçları güneşten koruyarak çift yönlü ekonomik/çevresel fayda sunar[cite: 1].
"Sürdürülebilirlik uygulamalarında insanları sadece puan veya rozetle değil; asıl olarak özerklik, yetkinlik ve aidiyet hissiyle uygulamaya bağlayan motivasyon türü hangisidir?";"A) Parasal Motivasyon
B) İçsel Motivasyon
C) Dışsal Motivasyon";B - Kontrol hissi, özerklik ve sürdürülebilirlik değerleriyle uyum sağlamak (Öz Belirleme Kuramı), kişide güçlü bir içsel motivasyon yaratarak davranışların kalıcı olmasını sağlar[cite: 1, 12].
Basit bir teknolojik hamlenin gücü: Berkeley Üniversitesi lavabolardaki muslukları otomatik (sensörlü) hale getirerek kampüs su tüketiminde yüzde kaçlık devasa bir tasarruf sağlamıştır?;"A) %5
B) %10
C) %32";C - Berkeley Üniversitesi, lavabolara yerleştirdiği otomatik rezervuarlar ve sistemler sayesinde kampüste su tüketimini %32 oranında büyük bir başarıyla azaltmıştır[cite: 1, 8].
Çevre dostu bir uygulamanın arayüzünde, öğrencilere ekolojik farkındalık kazandırmak için profil rozeti veya seviye atlama teması olarak hangisinin kullanılması daha etkilidir?;"A) Spor arabalar
B) Soyut, botanik ve doğa odaklı (ağaç, tohum vb.) temalar
C) İnsan yüzleri";B - Sürdürülebilir oyunlaştırma arayüzlerinde insan yüzü yerine ağaç, tohum gibi botanik ve doğa odaklı temaların kullanımı ekolojik farkındalığı çok daha fazla artırır[cite: 1, 12].
Araştırmalara göre, öğrencilerin hevesle indirdiği çevre dostu uygulamaları hızla telefonlarından silmelerinin (terk etmelerinin) %76 ile en büyük sebebi nedir?;"A) Reklam olmaması
B) Uygulamanın çok yer kaplaması
C) Sistem donmaları, çökmeler ve kafa karıştırıcı arayüz";C - Uygulama çökmeleri (crash), donmalar ve kafa karıştırıcı arayüzler gibi teknik sorunlar kullanıcı güvenini zedeleyerek uygulamanın %76 oranla terk edilmesine neden olmaktadır[cite: 1, 12].
Geri dönüştürülmüş malzemelerin kullanıldığı, yerel bitkiler ve hava/toprak ölçümü yapan akıllı sensörlerle donatılmış kampüs dinlenme alanlarına ne ad verilir?;"A) Smart Tree (Akıllı Ağaç) Konsepti
B) Beton Ada
C) Kara Kutu";"A - Geri dönüştürülmüş malzemeler ve IoT sensörlerinin bir araya getirildiği, döngüsel ekonomiyi yansıtan dış mekan ortak çalışma/dinlenme alanları ""Smart Tree"" konsepti olarak adlandırılmaktadır[cite: 12]."
Kampüste dolaşırken taşan bir çöp kutusu veya kirlilik gördüğümüzde, bunu harita üzerinden yetkililere bildirmek için telefonumuzun hangi özelliği kullanılır?;"A) Bluetooth Bağlantısı
B) GPS ile Coğrafi Etiketleme (Geo-tagging)
C) Sadece Kamera Flaş";B - Kullanıcılar GPS ile coğrafi etiketleme (geo-tagging) yaparak taşan çöpleri veya kirli alanları koordinatlarıyla birlikte doğrudan yetkililere bildirebilirler[cite: 12].
"Karar yorgunluğunu önleyerek insanları çevre dostu tercihlere yönlendirmek için ""iki taraflı fotokopi çekmek"" veya ""çevre dostu ürün seçmek"" gibi işlemler sistemde nasıl ayarlanmalıdır?";"A) Şifreli bir menüde
B) Sadece özel istek üzerine
C) Varsayılan (Default) seçenek olarak";C - Davranışsal ekonomi ilkelerine göre, gereksiz karar yorgunluğunu önlemek ve kullanıcıları sürdürülebilir seçimlere yönlendirmek için bu seçenekler sistemde 'varsayılan' (default) olarak ayarlanmalıdır[cite: 1, 13].
"Dünya genelinde ""en hızlı büyüyen atık türü"" olarak bilinen ve geri dönüştürülmediğinde doğaya cıva, kurşun gibi ağır metaller saçan atık türü hangisidir?";"A) Tıbbi Atık
B) Elektronik Atık (E-atık)
C) Plastik Atık";B - Dünyada en hızlı büyüyen atık akışı olan e-atıklar, içerdikleri kurşun, kadmiyum ve cıva gibi zehirli maddeler nedeniyle çevreye ve insan sağlığına büyük zarar verirler[cite: 2, 37].
"Sürdürülebilir atık yönetimi hiyerarşisinde (ISWM) en tepede yer alan ve uygulanması en çok tavsiye edilen ""birinci öncelikli"" strateji aşağıdakilerden hangisidir?";"A) Geri Dönüşüm (Recycling)
B) Enerji Geri Kazanımı
C) Atık Önleme / Azaltma (Prevention)";C - Entegre Katı Atık Yönetimi (ISWM) hiyerarşisinde piramidin en üstünde yer alan ve en önemli adım, atığın oluşmadan kaynağında önlenmesidir (prevention)[cite: 9].
Karbon ayak izi hesaplamalarına göre, bitki bazlı gıdaların üretimi yaklaşık 0.5 kg CO2 emisyonuna neden olurken, 1 kilogram sığır eti (kırmızı et) üretimi ortalama kaç kg CO2 yayar?;"A) 2 kg CO2
B) 10 kg CO2
C) 27 kg CO2";"C - Beslenme tercihlerinin etkisine bakıldığında; 1 kg sığır eti yaklaşık 27 kg CO2 emisyonuna neden olurken, bitki bazlı gıdalar sadece 0.5 kg CO2 salınımına yol açar[cite: 18]."
"Tekstil endüstrisinin denizlere verdiği büyük zararlardan biri olan, özellikle ""sentetik (polyester vb.)"" giysilerin yıkanmasıyla okyanuslara karışan kirlilik türü hangisidir?";"A) Radyoaktif atık
B) Mikroplastik kirliliği
C) Ağır metal kirliliği";B - Tekstil endüstrisinde kullanılan sentetik kıyafetlerin yıkanması, okyanuslardaki deniz suyu mikroplastik kirliliğinin çok büyük bir kısmına neden olmaktadır[cite: 15].
Birleşmiş Milletler Küresel Atık Yönetimi (Global Waste Management) hedeflerine göre, 2030 yılına kadar perakende ve tüketici düzeyinde küresel gıda israfının hangi oranda azaltılması hedeflenmektedir?;"A) %10
B) %25
C) %50 (Yarı yarıya)";C - BM Küresel Atık Yönetimi amaçları doğrultusunda, perakende ve tüketici düzeyindeki kişi başına düşen gıda israfının 2030 yılına kadar yarı yarıya (%50) azaltılması hedeflenmektedir[cite: 2].
Evsel atıkların kaynağında ayrıştırılmaması durumunda organik atıkların çöplüklerde havasız (anaerobik) ortamda çürümesi, karbondioksitten 25 kat daha tehlikeli olan hangi gazın salınımını artırır?;"A) Oksijen
B) Metan
C) Azot";B - Organik atıkların çöplüklerde (düzenli depolama alanlarında) havasız ortamda çürümesi, küresel ısınmaya karbondioksitten çok daha fazla etki eden metan gazının yoğun şekilde salınmasına neden olur[cite: 12].
Üniversite kampüslerinde uygulanan enerji yönetimi projelerinde (IoT sistemleriyle), elektrik tüketiminin en büyük bölümünü oluşturduğu için öncelikle kontrol altına alınan iki sistem hangisidir?;"A) Aydınlatma ve İklimlendirme (Klima)
B) Bilgisayarlar ve Yazıcılar
C) Laboratuvar Cihazları ve Asansörler";A - Kampüs ortamlarında elektrik tüketiminin en büyük kısmını aydınlatma ve klima (iklimlendirme) cihazları oluşturduğu için akıllı enerji yönetim sistemleri (IoT) öncelikle bu alanlara odaklanır[cite: 16].
Çöpe giden organik atıkların (meyve, sebze, yaprak vb.) mikroorganizmalar tarafından oksijenli (aerobik) ortamda çürütülerek doğal ve zengin bir toprak gübresine dönüştürülmesine ne ad verilir?;"A) Geri Kazanım
B) Yakma (İnsinerasyon)
C) Kompostlama";"C - Kompostlama; organik atıkların mikroorganizmalar yardımıyla aerobik (oksijenli) ortamda ayrıştırılarak toprağı zenginleştiren humus benzeri doğal gübreye (kompost) dönüştürülmesi işlemidir[cite: 2, 9]."
Bireylerin kredi kartı veya banka harcama dökümlerini sisteme entegre ederek tüketim alışkanlıklarından doğan karbon ayak izini finansal veriler üzerinden gerçeğe en yakın şekilde hesaplayan yenilikçi sistem örneği nedir?;"A) Svalna
B) EcoTrack
C) GreenCoin";A - 'Svalna' isimli karbon ayak izi hesaplayıcısı, diğer uygulamalardan farklı olarak kullanıcıların banka işlem (harcama) verilerini kullanarak tüketimden kaynaklı sera gazı emisyonlarını hesaplar[cite: 19].
İnternete bağlı cihazların birbirleriyle veri alışverişi yaparak çevreyi, enerji tüketimini veya kampüs sistemlerini akıllıca yönetmesini sağlayan ağ teknolojisinin İngilizce kısaltması nedir?;"A) GPS (Küresel Konumlama)
B) IoT (Nesnelerin İnterneti)
C) VR (Sanal Gerçeklik)";B - Nesnelerin İnterneti (Internet of Things - IoT), cihazların sensörler aracılığıyla internete bağlanarak veri alışverişi yapmasını ve akıllı kampüslerde enerji-atık yönetimini sağlamasını ifade eder[cite: 16, 37].
Üniversite binalarında veya ofislerde, asansörler yerine aşağıdakilerden hangisinin tercih edilmesi kurumsal enerji verimliliğine doğrudan ve önemli bir katkı sağlar?;"A) Yürüyen merdivenler
B) Sadece yük asansörleri
C) Merdivenler";C - Bina içerisinde kısa mesafelerde asansör yerine doğrudan merdiven kullanmak, bina enerji performansını iyileştiren ve enerji tasarrufu sağlayan bireysel ve etkili bir davranış değişikliğidir[cite: 29].
Atık yönetiminde geri dönüştürülebilir temiz malzemelerin (kağıt, plastik) organik atıklarla veya sıvılarla aynı kutuya atılarak kalitesinin düşmesine ve makinelere zarar vermesine ne denir?;"A) Kontaminasyon (Kirlenme)
B) Arıtma
C) Dönüşüm Kaybı";"A - Kaynağında ayrıştırmanın yanlış yapılması sonucu geri dönüştürülebilir atıkların kirlenmesine 'kontaminasyon' denir; bu durum makineleri bozabilir ve geri dönüşüm maliyetlerini ciddi şekilde artırır[cite: 7, 12]."
"Tüket, kullan ve çöpe at mantığına dayanan ""Lineer (Doğrusal) Ekonomi""nin aksine, malzemelerin kullanım ömrünün sonuna geldiğinde geri dönüştürülerek tekrar üretime dahil edilmesini savunan model hangisidir?";"A) Tüketim Ekonomisi
B) Döngüsel Ekonomi (Circular Economy)
C) Geleneksel Ekonomi";"B - Döngüsel ekonomi; kaynakların maksimum verimle kullanılmasını sağlayan, atık kavramını ortadan kaldırarak ürünlerin tekrar tekrar üretim sürecine katıldığı onarıcı bir ekonomik modeldir[cite: 5, 15]."
Birleşmiş Milletler'in Sürdürülebilir Kalkınma Amaçları'ndan (SKA) 12. sırada yer alan ve doğal kaynakların israfını önleyerek daha az kaynakla daha fazlasını yapmayı hedefleyen amaç hangisidir?;"A) İklim Eylemi
B) Yoksulluğa Son
C) Sorumlu Üretim ve Tüketim";"C - Sürdürülebilir Kalkınma Amaçları'ndan (SKA) 12. amaç 'Sorumlu Üretim ve Tüketim'dir; doğal kaynakların tükenmesini engelleyerek döngüsel ekonomiyi ve kaynak verimliliğini teşvik eder[cite: 5, 21]."
Güneşten gelen ışınımı içinde barındırdığı hücreler sayesinde hareketli hiçbir parçası olmadan doğrudan elektrik enerjisine çeviren ve kampüs çatılarına kurulan sistemlere ne denir?;"A) Rüzgar Türbinleri
B) Fotovoltaik (PV) Sistemler
C) Jeotermal Pompalar";B - Güneş enerjisini doğrudan elektrik enerjisine çeviren fotovoltaik (PV) sistemler, hareketli parça içermedikleri ve atık üretmedikleri için kampüslerde en sık tercih edilen sürdürülebilir enerji kaynaklarıdır[cite: 22].
Kampüs içi açık hava alanlarında hava kalitesi, nem veya sıcaklık ölçen sensörlerin pillerini hiç değiştirmeden yıllarca çalıştırabilmek için en sık kullanılan doğa dostu teknoloji (enerji hasadı) hangisidir?;"A) Titreşim Enerjisi
B) Fotovoltaik (Küçük Güneş Paneli) Hasadı
C) Termal Isı Hasadı";B - Dış mekan çevre izleme sistemlerindeki kablosuz sensörlerin enerji ihtiyacını karşılamak için tükenmeyen, çevreyi kirletmeyen ve en yüksek dönüşüm verimine sahip olan yöntem fotovoltaik (güneş enerjisi) enerji hasadıdır[cite: 33].
Üniversite kampüslerinde öğrenme süreçlerinin, fiziksel çevrenin, enerji sistemlerinin ve güvenlik hizmetlerinin IoT teknolojileriyle entegre edilip optimize edildiği yeni nesil yerleşke modeline ne ad verilir?;"A) Geleneksel Kampüs
B) Akıllı Kampüs (Smart Campus)
C) Sanal Kampüs";B - Smart Campus (Akıllı Kampüs), IoT gibi akıllı teknolojilerle fiziksel altyapıyı birleştirerek enerji verimliliğini, kaynak yönetimini ve öğrenci yaşam kalitesini artıran yenilikçi bir konsepttir[cite: 5, 31].
"Fosil yakıtlar (kömür, doğalgaz vb.) küresel ısınmayı hızlandırırken; rüzgar, güneş ve biyokütle gibi doğada asla tükenmeyen ve karbon salınımı yapmayan kaynaklara genel olarak ne ad verilir?";"A) Nükleer Enerji
B) Yenilenebilir Enerji Kaynakları (RES)
C) İkincil Enerji Kaynakları";B - Güneş ve rüzgar gibi doğada sürekli var olan, kolayca tükenmeyen ve geleneksel fosil yakıtlara (CES) göre çok daha temiz olan kaynaklara Yenilenebilir Enerji Kaynakları (RES) denilmektedir[cite: 11, 22].
"Kömür, doğalgaz ve güneş gibi doğadan doğrudan elde edilen ve hiçbir dönüşüm geçirmemiş kaynaklara ""birincil enerji"" denirken; bu kaynakların dönüştürülmesiyle evlerimizde kullandığımız ""elektriğe"" ne ad verilir?";"A) İkincil Enerji
B) Üçüncül Enerji
C) Reaktif Enerji";"A - Elektrik gibi formlar, doğadan doğrudan elde edilmeyen ancak birincil enerji kaynaklarının dönüştürülmesi sonucunda üretilen ""ikincil enerji (secondary energy)"" kaynakları olarak sınıflandırılır[cite: 35]."
"Kişilerin elektrik kullanımı, ulaşım türleri ve uçuş mesafesi gibi günlük faaliyetlerinin karbon salınımını analiz ederek sonucu ""ton karbondioksit eşdeğeri (tCO2e)"" olarak gösteren yazılımların genel adı nedir?";"A) Kalori Hesaplayıcı
B) Karbon Ayak İzi Hesaplayıcısı
C) Adım Sayar";B - Karbon ayak izi hesaplayıcıları, kişilerin yaşam tarzı verilerini (ulaşım, elektrik, beslenme vb.) kullanarak atmosfere verdikleri zararı tCO2e (ton karbondioksit eşdeğeri) cinsinden hesaplayan eğitim araçlarıdır[cite: 4].
"Dünya genelinde üniversitelerin sürdürülebilirlik performanslarını değerlendirmek amacıyla ""UI GreenMetric Dünya Üniversiteler Sıralaması"" 2010 yılında ilk olarak hangi üniversite tarafından geliştirilmiştir?";"A) Oxford Üniversitesi
B) Endonezya Üniversitesi
C) Harvard Üniversitesi";B - UI GreenMetric modeli, üniversitelerin çevresel duyarlılığını küresel ölçekte kıyaslamak amacıyla 2010 yılında Endonezya Üniversitesi tarafından hayata geçirilmiştir[cite: 1, 12, 19].
UI GreenMetric (Yeşil Kampüs) değerlendirme sisteminde %21'lik oranla en yüksek puana (ağırlığa) sahip olan kategori aşağıdakilerden hangisidir?;"A) Su Kullanımı
B) Enerji ve İklim Değişikliği
C) Kurulum ve Altyapı";B - UI GreenMetric sıralamasında sürdürülebilir üniversite kampüslerini değerlendirmek için belirlenen kriterler arasında 'Enerji ve İklim Değişikliği' %21 ile en yüksek ağırlığa sahiptir[cite: 1].
Dünyada çevreyi en çok kirleten endüstriler arasında ikinci sırada yer alan ve milyonlarca ton ürünün her yıl çöplüklere gitmesine neden olan sektör hangisidir?;"A) Gıda Sektörü
B) Tekstil ve Giyim Sektörü
C) Otomotiv Sektörü";"B - Tekstil ve giyim sektörü dünyadaki en büyük ve çevreye en çok zarar veren ikinci sanayi sektörüdür; her yıl devasa miktarda kıyafet çöplüklere gitmektedir[cite: 2, 10, 13]."
Üniversite binalarında enerji tasarrufu sağlamak amacıyla eski tip floresan lambaların yerine hangi aydınlatma teknolojisinin kullanılması önerilmektedir?;"A) Akkor Ampuller
B) LED Aydınlatma
C) Halojen Ampuller";B - Binalarda floresan aydınlatmadan LED sistemlere geçiş yapılması, enerji tüketiminde önemli ölçüde tasarruf sağlayan temel bir stratejidir[cite: 3].
Üniversitelerin laboratuvarlarında yapılan araştırma ve deneyler sonucunda ortaya çıkan, özel yöntemlerle (ısıl oksidasyon vb.) bertaraf edilmesi gereken atık türüne ne ad verilir?;"A) Organik Atık
B) Ambalaj Atığı
C) Tehlikeli Atık";C - Laboratuvar faaliyetleri sonucunda tehlikeli atıklar (kimyasal ve biyolojik atıklar) üretilir ve bu atıkların özel kurumlarca veya termal oksidasyon gibi yöntemlerle bertaraf edilmesi gerekir[cite: 4, 15, 21].
"Üniversite kampüsleri; yoğun nüfusları, geniş alanları ve içlerinde barındırdıkları karmaşık günlük faaliyetler nedeniyle literatürde sıklıkla neye benzetilmektedir?";"A) Küçük şehirlere
B) Tatil köylerine
C) Alışveriş merkezlerine";"A - Üniversite kampüsleri, sahip oldukları geniş yüzölçümleri, kalabalık nüfusları ve barındırdıkları çeşitli faaliyetler nedeniyle ""küçük şehirlere"" benzetilmektedir[cite: 5, 18]."
Binalarda enerji tasarrufu sağlamak ve karbon emisyonunu azaltmak amacıyla asansör yerine öncelikli olarak neyin kullanılması teşvik edilmektedir?;"A) Yürüyen merdivenlerin
B) Merdivenlerin
C) Yük asansörlerinin";B - Binalarda asansörler yerine merdiven kullanmayı tercih etmek gibi davranışsal seçimler, enerji tasarrufu sağlamada ve karbon nötr hedeflerine ulaşmada önemli bir etkendir[cite: 6, 22].
Kampüslerde elektrikli cihazların kullanım desenlerini internet üzerinden uzaktan takip edip enerji optimizasyonu yapmamızı sağlayan akıllı teknolojinin kısa adı nedir?;"A) IoT (Nesnelerin İnterneti)
B) GPS
C) USB";A - Nesnelerin İnterneti (IoT), cihazlara uzaktan erişim sağlayarak tüketicilerin enerji tüketim davranışlarını izlemelerine ve optimize etmelerine olanak tanır[cite: 8].
Yeşil binalarda içme suyu tüketimini büyük oranda azaltmak amacıyla, çatılarda toplanan yağmur suları en çok hangi alanlarda kullanılır?;"A) Sadece laboratuvarlarda
B) Tuvalet sifonlarında ve yeşil alan sulamasında
C) Yemekhanelerde yemek yapımında";B - Yağmur suyunun hasat edilip tuvalet sifonlarında ve yeşil alanların sulamasında kullanılması, binalardaki içme suyu tüketimini %60'a kadar azaltabilmektedir[cite: 9, 14].
Fakülte lavabolarından veya duşlardan gelen, arıtılarak kampüs içinde sulama gibi amaçlarla yeniden kullanılabilen az kirli atık sulara ne ad verilir?;"A) Gri Su
B) Siyah Su
C) Ağır Su";"A - Yemekhaneler ve lavabolardan ortaya çıkan su ""Gri Su"" olarak tanımlanmakta olup, bu suyun arındırılarak yeniden kullanılması sürdürülebilir su yönetimi için kritik bir adımdır[cite: 19, 27]."
Geri dönüştürülebilir atıkların (kağıt, plastik) kirlenmesini önlemek ve kaliteyi artırmak için yapılması gereken en önemli işlem nedir?;"A) Tüm atıkları aynı poşette birleştirmek
B) Atıkları kaynağında ayrı ayrı toplamak
C) Atıkları açık alanda yakmak";B - Atıkların kaynağında farklı kutularda ayrıştırılması (örneğin renk kodlu kutularla), geri dönüşüm sürecindeki kontaminasyonu (kirlenmeyi) azaltarak ikincil malzeme pazarının verimliliğini artırır[cite: 17, 18, 28].
"Çöplerin gelişigüzel biriktirilmesi ve su kanallarını tıkaması; sivrisineklerin üremesiyle kolera, dang humması gibi hastalıklara yol açarken, aynı zamanda hangi doğa olayına zemin hazırlar?";"A) Deprem
B) Su baskınları (Sel)
C) Orman yangınları";B - Biriken atıkların ve çöplerin drenaj kanallarını tıkaması durgun sular yaratarak böceklerin üremesine yol açtığı gibi, su baskınlarına (sellere) da neden olan en önemli faktörlerden biridir[cite: 23, 24].
Kampüs çatılarına kurulan güneş panellerinin (fotovoltaik sistemlerin) elektrik üretimi, güneşlenme süresinin artması nedeniyle yaz aylarında kış aylarına göre yaklaşık kaç kat artış gösterir?;"A) Değişmez
B) 3 kat
C) 10 kat";B - Güneşlenme süresinin uzamasına bağlı olarak, güneş panellerinden elde edilen elektrik üretimi yaz aylarında kış aylarına kıyasla yaklaşık 3 kat artış göstermektedir[cite: 26].
Elektronik atıkların (e-atık) genel çöplerle birlikte atılması durumunda yeraltı sularına sızarak insan ve çevre sağlığını tehdit eden tehlikeli maddeler hangileridir?;"A) Cıva, kadmiyum ve kurşun gibi ağır metaller
B) Sadece kağıt tozları
C) Organik gübreler";A - Elektronik atıkların evsel atıklarla birlikte atılması, cıva, kadmiyum ve kurşun gibi zehirli ağır metallerin yeraltı sularına sızmasına ve besin zincirine karışmasına neden olur[cite: 28].
"Katı atık yönetimi hiyerarşisine göre, atıkların çöplüğe gitmesini engellemek için geri dönüşümden bile önce gelmesi gereken ""en öncelikli"" adım aşağıdakilerden hangisidir?";"A) Atığı yakarak enerji üretmek
B) Atık oluşumunu kaynağında azaltmak
C) Çöpleri okyanusa dökmek";B - Katı atık yönetim hiyerarşisinde asıl odaklanılması gereken en temel ve öncelikli adım, atık oluşumunun kaynağında azaltılması (reduction) ve önlenmesidir[cite: 20].
Bireyleri çevre dostu davranışlara (örneğin eski kıyafetlerini geri dönüştürmeye) teşvik etmek için oyun tasarımı unsurlarının (puan, rozet vb.) kullanılması stratejisine ne ad verilir?;"A) Oyunlaştırma (Gamification)
B) Endüstrileşme
C) Simülasyon";A - Geri dönüşüm gibi çevre dostu alışkanlıkları teşvik etmek ve kullanıcının katılımını artırmak amacıyla oyun unsurlarının sürece entegre edilmesine oyunlaştırma (gamification) denir[cite: 10, 13].
1990 yılında üniversitelerin çevre okuryazarlığı ve sürdürülebilirliği öğretim, araştırma ve operasyonlarına dahil etmeleri amacıyla imzaladıkları ünlü uluslararası eylem planının adı nedir?;"A) Talloires Bildirgesi
B) Kyoto Protokolü
C) Paris Antlaşması";A - 1990 yılında imzalanan Talloires Bildirgesi, sürdürülebilirlik ve çevre okuryazarlığını üniversite eğitimine, araştırmalarına ve operasyonlarına dahil etmeyi amaçlayan on maddelik bir eylem planıdır[cite: 18].
Binaların yaşam döngüsü sonunda malzemelerin geri kazanılmasını kolaylaştıran ve inşaat sürecinde yeniden kullanılmış malzemelerin entegrasyonuna olanak tanıyan doğa dostu yapı sistemi hangisidir?;"A) Geleneksel betonarme döküm
B) Kuru montaj (dry assembly) sistemleri
C) Tek kullanımlık kalıplar";B - Kuru montaj (dry assembly) sistemleri, inşaat sürecinde yeniden kullanılmış malzemelerin sisteme dahil edilmesini ve binaların ömrü dolduğunda malzemelerin geri dönüştürülmesini kolaylaştırır[cite: 11].
